<?xml version="1.0" encoding="UTF-8"?>
<!--
 This is a WordPress eXtended RSS file generated by WordPress as an export of your site.
 It contains information about your site's posts, pages, comments, categories, and other content.
 You may use this file to transfer that content from one site to another.
 This file is not intended to serve as a complete backup of your site.

 To import this information into a WordPress site follow these steps:
 1. Log in to that site as an administrator.
 2. Go to Tools: Import in the WordPress admin panel.
 3. Install the "WordPress" importer from the list.
 4. Activate & Run Importer.
 5. Upload this file using the form provided on that page.
 6. You will first be asked to map the authors in this export file to users
    on the site. For each author, you may choose to map to an
    existing user on the site or to create a new user.
 7. WordPress will then import each of the posts, pages, comments, categories, etc.
    contained in this file into your site.
-->
<!-- generator="WordPress.com" created="2023-09-29 12:30"-->
<rss version="2.0" xmlns:excerpt="http://wordpress.org/export/1.2/excerpt/" xmlns:content="http://purl.org/rss/1.0/modules/content/" xmlns:wfw="http://wellformedweb.org/CommentAPI/" xmlns:dc="http://purl.org/dc/elements/1.1/" xmlns:wp="http://wordpress.org/export/1.2/">
  <channel>
<title>Titre du site</title>
<link>https://omerjava.wordpress.com</link>
<description/>
<pubDate>Fri, 29 Sep 2023 12:30:24 +0000</pubDate>
<language>fr-FR</language>
<wp:wxr_version>1.2</wp:wxr_version>
<wp:base_site_url>http://wordpress.com/</wp:base_site_url>
<wp:base_blog_url>https://omerjava.wordpress.com</wp:base_blog_url>
<wp:author>
  <wp:author_id>240662849</wp:author_id>
  <wp:author_login>oj102304</wp:author_login>
  <wp:author_email>oj102304@gmail.com</wp:author_email>
  <wp:author_display_name><![CDATA[Omer]]></wp:author_display_name>
  <wp:author_first_name><![CDATA[Omer]]></wp:author_first_name>
  <wp:author_last_name><![CDATA[]]></wp:author_last_name>
</wp:author>
<wp:category>
  <wp:term_id>6325</wp:term_id>
  <wp:category_nicename>non-classe</wp:category_nicename>
  <wp:category_parent/>
  <wp:cat_name><![CDATA[Non classé]]></wp:cat_name>
</wp:category>
<generator>http://wordpress.com/</generator>
<image>
		<url>http://s0.wp.com/i/buttonw-com.png</url>
		<title>Titre du site</title>
		<link>https://omerjava.wordpress.com</link>
	</image>
	<item>
  <title><![CDATA[Navigation]]></title>
  <link>https://omerjava.wordpress.com/2023/09/29/navigation/</link>
  <pubDate>Fri, 29 Sep 2023 12:16:00 +0000</pubDate>
  <dc:creator>oj102304</dc:creator>
  <guid isPermaLink="false">https://omerjava.wordpress.com/2023/09/29/navigation/</guid>
  <description/>
  <content:encoded><![CDATA[<!-- wp:page-list /-->]]></content:encoded>
  <excerpt:encoded><![CDATA[]]></excerpt:encoded>
  <wp:post_id>4</wp:post_id>
  <wp:post_date>2023-09-29 14:16:00</wp:post_date>
  <wp:post_date_gmt>2023-09-29 12:16:00</wp:post_date_gmt>
  <wp:post_modified>2023-09-29 14:16:00</wp:post_modified>
  <wp:post_modified_gmt>2023-09-29 12:16:00</wp:post_modified_gmt>
  <wp:comment_status>closed</wp:comment_status>
  <wp:ping_status>closed</wp:ping_status>
  <wp:post_name>navigation</wp:post_name>
  <wp:status>publish</wp:status>
  <wp:post_parent>0</wp:post_parent>
  <wp:menu_order>0</wp:menu_order>
  <wp:post_type>wp_navigation</wp:post_type>
  <wp:post_password/>
  <wp:is_sticky>0</wp:is_sticky>
</item>
<item>
  <title><![CDATA[Custom Styles]]></title>
  <link>https://omerjava.wordpress.com/2023/09/29/wp-global-styles-pub%2ftwentytwentythree/</link>
  <pubDate>Fri, 29 Sep 2023 12:16:00 +0000</pubDate>
  <dc:creator>oj102304</dc:creator>
  <guid isPermaLink="false">https://omerjava.wordpress.com/2023/09/29/wp-global-styles-pub%2ftwentytwentythree/</guid>
  <description/>
  <content:encoded><![CDATA[{"version":2,"isGlobalStylesUserThemeJSON":true}]]></content:encoded>
  <excerpt:encoded><![CDATA[]]></excerpt:encoded>
  <wp:post_id>5</wp:post_id>
  <wp:post_date>2023-09-29 14:16:00</wp:post_date>
  <wp:post_date_gmt>2023-09-29 12:16:00</wp:post_date_gmt>
  <wp:post_modified>2023-09-29 14:16:00</wp:post_modified>
  <wp:post_modified_gmt>2023-09-29 12:16:00</wp:post_modified_gmt>
  <wp:comment_status>closed</wp:comment_status>
  <wp:ping_status>closed</wp:ping_status>
  <wp:post_name>wp-global-styles-pub%2ftwentytwentythree</wp:post_name>
  <wp:status>publish</wp:status>
  <wp:post_parent>0</wp:post_parent>
  <wp:menu_order>0</wp:menu_order>
  <wp:post_type>wp_global_styles</wp:post_type>
  <wp:post_password/>
  <wp:is_sticky>0</wp:is_sticky>
  <category domain="wp_theme" nicename="twentytwentythree"><![CDATA[twentytwentythree]]></category>
  <wp:postmeta>
    <wp:meta_key>_publicize_pending</wp:meta_key>
    <wp:meta_value><![CDATA[1]]></wp:meta_value>
  </wp:postmeta>
</item>
<item>
  <title><![CDATA[Profil]]></title>
  <link>https://omerjava.wordpress.com/profil/</link>
  <pubDate>Fri, 29 Sep 2023 12:19:39 +0000</pubDate>
  <dc:creator>oj102304</dc:creator>
  <guid isPermaLink="false">https://omerjava.wordpress.com/?page_id=6</guid>
  <description/>
  <content:encoded><![CDATA[<!-- wp:list -->
<ul><!-- wp:list-item -->
<li>Adresse</li>
<!-- /wp:list-item -->

<!-- wp:list-item -->
<li>Téléphone</li>
<!-- /wp:list-item --></ul>
<!-- /wp:list -->

<!-- wp:paragraph -->
<p>A propos de moi</p>
<!-- /wp:paragraph -->

<!-- wp:image {"id":12,"sizeSlug":"large","linkDestination":"none"} -->
<figure class="wp-block-image size-large"><img src="https://omerjava.files.wordpress.com/2023/09/ronaldo-2.jpg?w=1024" alt="" class="wp-image-12" /></figure>
<!-- /wp:image -->

<!-- wp:embed {"url":"https://youtu.be/UDtxiUiO9qI?si=g6NN_NfKAdIDglcv","type":"video","providerNameSlug":"youtube","responsive":true,"className":"wp-embed-aspect-16-9 wp-has-aspect-ratio"} -->
<figure class="wp-block-embed is-type-video is-provider-youtube wp-block-embed-youtube wp-embed-aspect-16-9 wp-has-aspect-ratio"><div class="wp-block-embed__wrapper">
https://youtu.be/UDtxiUiO9qI?si=g6NN_NfKAdIDglcv
</div></figure>
<!-- /wp:embed -->]]></content:encoded>
  <excerpt:encoded><![CDATA[]]></excerpt:encoded>
  <wp:post_id>6</wp:post_id>
  <wp:post_date>2023-09-29 14:19:39</wp:post_date>
  <wp:post_date_gmt>2023-09-29 12:19:39</wp:post_date_gmt>
  <wp:post_modified>2023-09-29 14:29:38</wp:post_modified>
  <wp:post_modified_gmt>2023-09-29 12:29:38</wp:post_modified_gmt>
  <wp:comment_status>closed</wp:comment_status>
  <wp:ping_status>closed</wp:ping_status>
  <wp:post_name>profil</wp:post_name>
  <wp:status>publish</wp:status>
  <wp:post_parent>0</wp:post_parent>
  <wp:menu_order>0</wp:menu_order>
  <wp:post_type>page</wp:post_type>
  <wp:post_password/>
  <wp:is_sticky>0</wp:is_sticky>
  <wp:postmeta>
    <wp:meta_key>_last_editor_used_jetpack</wp:meta_key>
    <wp:meta_value><![CDATA[block-editor]]></wp:meta_value>
  </wp:postmeta>
  <wp:postmeta>
    <wp:meta_key>footnotes</wp:meta_key>
    <wp:meta_value><![CDATA[]]></wp:meta_value>
  </wp:postmeta>
  <wp:postmeta>
    <wp:meta_key>jetpack_seo_noindex</wp:meta_key>
    <wp:meta_value><![CDATA[]]></wp:meta_value>
  </wp:postmeta>
  <wp:postmeta>
    <wp:meta_key>_jetpack_post_was_ever_published</wp:meta_key>
    <wp:meta_value><![CDATA[]]></wp:meta_value>
  </wp:postmeta>
  <wp:postmeta>
    <wp:meta_key>_starter_page_template</wp:meta_key>
    <wp:meta_value><![CDATA[blank]]></wp:meta_value>
  </wp:postmeta>
  <wp:postmeta>
    <wp:meta_key>_wpcom_template_layout_category</wp:meta_key>
    <wp:meta_value><![CDATA[a:1:{i:0;s:5:"about";}]]></wp:meta_value>
  </wp:postmeta>
  <wp:postmeta>
    <wp:meta_key>_publicize_pending</wp:meta_key>
    <wp:meta_value><![CDATA[1]]></wp:meta_value>
  </wp:postmeta>
</item>
<item>
  <title><![CDATA[À propos]]></title>
  <link>https://omerjava.wordpress.com/about/</link>
  <pubDate>Fri, 29 Sep 2023 12:10:53 +0000</pubDate>
  <dc:creator>oj102304</dc:creator>
  <guid isPermaLink="false">https://omerjava.wordpress.com/about/</guid>
  <description/>
  <content:encoded><![CDATA[Voici un exemple de page. À la différence des articles, qui sont affichés sur la page d’accueil dans leur ordre de publication, les pages sont plutôt destinées à du contenu dont vous souhaitez qu’il soit toujours facilement accessible, comme votre présentation ou les informations pour vous contacter. Cliquez sur le lien de modification pour modifier cette page ou <a title="Direct link to Add New in the Admin Dashboard" href="/wp-admin/post-new.php?post_type=page">ajoutez une autre page</a>.]]></content:encoded>
  <excerpt:encoded><![CDATA[]]></excerpt:encoded>
  <wp:post_id>2</wp:post_id>
  <wp:post_date>2023-09-29 13:10:53</wp:post_date>
  <wp:post_date_gmt>2023-09-29 12:10:53</wp:post_date_gmt>
  <wp:post_modified>2023-09-29 13:10:53</wp:post_modified>
  <wp:post_modified_gmt>2023-09-29 12:10:53</wp:post_modified_gmt>
  <wp:comment_status>closed</wp:comment_status>
  <wp:ping_status>closed</wp:ping_status>
  <wp:post_name>about</wp:post_name>
  <wp:status>publish</wp:status>
  <wp:post_parent>0</wp:post_parent>
  <wp:menu_order>0</wp:menu_order>
  <wp:post_type>page</wp:post_type>
  <wp:post_password/>
  <wp:is_sticky>0</wp:is_sticky>
  <wp:postmeta>
    <wp:meta_key>_headstart_post</wp:meta_key>
    <wp:meta_value><![CDATA[_hs_extra]]></wp:meta_value>
  </wp:postmeta>
  <wp:postmeta>
    <wp:meta_key>sharing_disabled</wp:meta_key>
    <wp:meta_value><![CDATA[a:1:{i:0;N;}]]></wp:meta_value>
  </wp:postmeta>
  <wp:postmeta>
    <wp:meta_key>switch_like_status</wp:meta_key>
    <wp:meta_value><![CDATA[a:1:{i:0;N;}]]></wp:meta_value>
  </wp:postmeta>
  <wp:postmeta>
    <wp:meta_key>_starter_page_template</wp:meta_key>
    <wp:meta_value><![CDATA[blank]]></wp:meta_value>
  </wp:postmeta>
  <wp:postmeta>
    <wp:meta_key>_hs_old_id</wp:meta_key>
    <wp:meta_value><![CDATA[29]]></wp:meta_value>
  </wp:postmeta>
  <wp:postmeta>
    <wp:meta_key>_wpas_skip_all_services</wp:meta_key>
    <wp:meta_value><![CDATA[1]]></wp:meta_value>
  </wp:postmeta>
  <wp:postmeta>
    <wp:meta_key>_publicize_pending</wp:meta_key>
    <wp:meta_value><![CDATA[1]]></wp:meta_value>
  </wp:postmeta>
  <wp:postmeta>
    <wp:meta_key>_checklist_post_type</wp:meta_key>
    <wp:meta_value><![CDATA[_hs_extra]]></wp:meta_value>
  </wp:postmeta>
  <wp:postmeta>
    <wp:meta_key>_last_editor_used_jetpack</wp:meta_key>
    <wp:meta_value><![CDATA[block-editor]]></wp:meta_value>
  </wp:postmeta>
</item>
<item>
  <title><![CDATA[Bonjour tout le monde !]]></title>
  <link>https://omerjava.wordpress.com/2023/09/29/hello-world/</link>
  <pubDate>Fri, 29 Sep 2023 12:10:52 +0000</pubDate>
  <dc:creator>oj102304</dc:creator>
  <guid isPermaLink="false">https://omerjava.wordpress.com/2023/09/29/hello-world/</guid>
  <description/>
  <content:encoded><![CDATA[<!-- wp:paragraph -->
<p>Bienvenue dans WordPress ! Ceci est votre premier article. Modifiez-le ou supprimez-le, et lancez votre blog.</p>
<!-- /wp:paragraph -->]]></content:encoded>
  <excerpt:encoded><![CDATA[]]></excerpt:encoded>
  <wp:post_id>3</wp:post_id>
  <wp:post_date>2023-09-29 13:10:52</wp:post_date>
  <wp:post_date_gmt>2023-09-29 12:10:52</wp:post_date_gmt>
  <wp:post_modified>2023-09-29 13:10:52</wp:post_modified>
  <wp:post_modified_gmt>2023-09-29 12:10:52</wp:post_modified_gmt>
  <wp:comment_status>open</wp:comment_status>
  <wp:ping_status>open</wp:ping_status>
  <wp:post_name>hello-world</wp:post_name>
  <wp:status>publish</wp:status>
  <wp:post_parent>0</wp:post_parent>
  <wp:menu_order>0</wp:menu_order>
  <wp:post_type>post</wp:post_type>
  <wp:post_password/>
  <wp:is_sticky>0</wp:is_sticky>
  <category domain="category" nicename="non-classe"><![CDATA[Non classé]]></category>
  <wp:postmeta>
    <wp:meta_key>_publicize_pending</wp:meta_key>
    <wp:meta_value><![CDATA[1]]></wp:meta_value>
  </wp:postmeta>
  <wp:postmeta>
    <wp:meta_key>_headstart_post</wp:meta_key>
    <wp:meta_value><![CDATA[_hs_extra]]></wp:meta_value>
  </wp:postmeta>
  <wp:postmeta>
    <wp:meta_key>sharing_disabled</wp:meta_key>
    <wp:meta_value><![CDATA[a:1:{i:0;N;}]]></wp:meta_value>
  </wp:postmeta>
  <wp:postmeta>
    <wp:meta_key>switch_like_status</wp:meta_key>
    <wp:meta_value><![CDATA[a:1:{i:0;N;}]]></wp:meta_value>
  </wp:postmeta>
  <wp:postmeta>
    <wp:meta_key>_starter_page_template</wp:meta_key>
    <wp:meta_value><![CDATA[]]></wp:meta_value>
  </wp:postmeta>
  <wp:postmeta>
    <wp:meta_key>_hs_old_id</wp:meta_key>
    <wp:meta_value><![CDATA[4]]></wp:meta_value>
  </wp:postmeta>
  <wp:postmeta>
    <wp:meta_key>_wpas_skip_all_services</wp:meta_key>
    <wp:meta_value><![CDATA[1]]></wp:meta_value>
  </wp:postmeta>
</item>
<item>
  <title><![CDATA[ronaldo]]></title>
  <link>https://omerjava.wordpress.com/profil/ronaldo/</link>
  <pubDate>Fri, 29 Sep 2023 12:22:33 +0000</pubDate>
  <dc:creator>oj102304</dc:creator>
  <guid isPermaLink="false">http://omerjava.files.wordpress.com/2023/09/ronaldo.jpg</guid>
  <description/>
  <content:encoded><![CDATA[]]></content:encoded>
  <excerpt:encoded><![CDATA[]]></excerpt:encoded>
  <wp:post_id>9</wp:post_id>
  <wp:post_date>2023-09-29 14:22:33</wp:post_date>
  <wp:post_date_gmt>2023-09-29 12:22:33</wp:post_date_gmt>
  <wp:post_modified>2023-09-29 14:22:33</wp:post_modified>
  <wp:post_modified_gmt>2023-09-29 12:22:33</wp:post_modified_gmt>
  <wp:comment_status>open</wp:comment_status>
  <wp:ping_status>closed</wp:ping_status>
  <wp:post_name>ronaldo</wp:post_name>
  <wp:status>inherit</wp:status>
  <wp:post_parent>6</wp:post_parent>
  <wp:menu_order>0</wp:menu_order>
  <wp:post_type>attachment</wp:post_type>
  <wp:post_password/>
  <wp:is_sticky>0</wp:is_sticky>
  <wp:attachment_url>https://omerjava.files.wordpress.com/2023/09/ronaldo.jpg</wp:attachment_url>
  <wp:postmeta>
    <wp:meta_key>_wp_attached_file</wp:meta_key>
    <wp:meta_value><![CDATA[/home/wpcom/public_html/wp-content/blogs.dir/680/224130630/files/2023/09/ronaldo.jpg]]></wp:meta_value>
  </wp:postmeta>
  <wp:postmeta>
    <wp:meta_key>_wp_attachment_metadata</wp:meta_key>
    <wp:meta_value><![CDATA[a:6:{s:5:"width";i:1600;s:6:"height";i:1067;s:4:"file";s:84:"/home/wpcom/public_html/wp-content/blogs.dir/680/224130630/files/2023/09/ronaldo.jpg";s:8:"filesize";i:122539;s:5:"sizes";a:0:{}s:10:"image_meta";a:12:{s:8:"aperture";s:1:"0";s:6:"credit";s:0:"";s:6:"camera";s:0:"";s:7:"caption";s:0:"";s:17:"created_timestamp";s:1:"0";s:9:"copyright";s:0:"";s:12:"focal_length";s:1:"0";s:3:"iso";s:1:"0";s:13:"shutter_speed";s:1:"0";s:5:"title";s:0:"";s:11:"orientation";s:1:"0";s:8:"keywords";a:0:{}}}]]></wp:meta_value>
  </wp:postmeta>
</item>
<item>
  <title><![CDATA[ronaldo-2]]></title>
  <link>https://omerjava.wordpress.com/profil/ronaldo-2/</link>
  <pubDate>Fri, 29 Sep 2023 12:28:21 +0000</pubDate>
  <dc:creator>oj102304</dc:creator>
  <guid isPermaLink="false">http://omerjava.files.wordpress.com/2023/09/ronaldo-2.jpg</guid>
  <description/>
  <content:encoded><![CDATA[]]></content:encoded>
  <excerpt:encoded><![CDATA[]]></excerpt:encoded>
  <wp:post_id>12</wp:post_id>
  <wp:post_date>2023-09-29 14:28:21</wp:post_date>
  <wp:post_date_gmt>2023-09-29 12:28:21</wp:post_date_gmt>
  <wp:post_modified>2023-09-29 14:28:21</wp:post_modified>
  <wp:post_modified_gmt>2023-09-29 12:28:21</wp:post_modified_gmt>
  <wp:comment_status>open</wp:comment_status>
  <wp:ping_status>closed</wp:ping_status>
  <wp:post_name>ronaldo-2</wp:post_name>
  <wp:status>inherit</wp:status>
  <wp:post_parent>6</wp:post_parent>
  <wp:menu_order>0</wp:menu_order>
  <wp:post_type>attachment</wp:post_type>
  <wp:post_password/>
  <wp:is_sticky>0</wp:is_sticky>
  <wp:attachment_url>https://omerjava.files.wordpress.com/2023/09/ronaldo-2.jpg</wp:attachment_url>
  <wp:postmeta>
    <wp:meta_key>_wp_attached_file</wp:meta_key>
    <wp:meta_value><![CDATA[/home/wpcom/public_html/wp-content/blogs.dir/680/224130630/files/2023/09/ronaldo-2.jpg]]></wp:meta_value>
  </wp:postmeta>
  <wp:postmeta>
    <wp:meta_key>_wp_attachment_metadata</wp:meta_key>
    <wp:meta_value><![CDATA[a:6:{s:5:"width";i:1600;s:6:"height";i:1067;s:4:"file";s:86:"/home/wpcom/public_html/wp-content/blogs.dir/680/224130630/files/2023/09/ronaldo-2.jpg";s:8:"filesize";i:122539;s:5:"sizes";a:0:{}s:10:"image_meta";a:12:{s:8:"aperture";s:1:"0";s:6:"credit";s:0:"";s:6:"camera";s:0:"";s:7:"caption";s:0:"";s:17:"created_timestamp";s:1:"0";s:9:"copyright";s:0:"";s:12:"focal_length";s:1:"0";s:3:"iso";s:1:"0";s:13:"shutter_speed";s:1:"0";s:5:"title";s:0:"";s:11:"orientation";s:1:"0";s:8:"keywords";a:0:{}}}]]></wp:meta_value>
  </wp:postmeta>
</item>
<item>
  <title><![CDATA[ronaldo-1]]></title>
  <link>https://omerjava.wordpress.com/profil/ronaldo-1/</link>
  <pubDate>Fri, 29 Sep 2023 12:25:47 +0000</pubDate>
  <dc:creator>oj102304</dc:creator>
  <guid isPermaLink="false">http://omerjava.files.wordpress.com/2023/09/ronaldo-1.jpg</guid>
  <description/>
  <content:encoded><![CDATA[]]></content:encoded>
  <excerpt:encoded><![CDATA[]]></excerpt:encoded>
  <wp:post_id>11</wp:post_id>
  <wp:post_date>2023-09-29 14:25:47</wp:post_date>
  <wp:post_date_gmt>2023-09-29 12:25:47</wp:post_date_gmt>
  <wp:post_modified>2023-09-29 14:25:47</wp:post_modified>
  <wp:post_modified_gmt>2023-09-29 12:25:47</wp:post_modified_gmt>
  <wp:comment_status>open</wp:comment_status>
  <wp:ping_status>closed</wp:ping_status>
  <wp:post_name>ronaldo-1</wp:post_name>
  <wp:status>inherit</wp:status>
  <wp:post_parent>6</wp:post_parent>
  <wp:menu_order>0</wp:menu_order>
  <wp:post_type>attachment</wp:post_type>
  <wp:post_password/>
  <wp:is_sticky>0</wp:is_sticky>
  <wp:attachment_url>https://omerjava.files.wordpress.com/2023/09/ronaldo-1.jpg</wp:attachment_url>
  <wp:postmeta>
    <wp:meta_key>_wp_attached_file</wp:meta_key>
    <wp:meta_value><![CDATA[/home/wpcom/public_html/wp-content/blogs.dir/680/224130630/files/2023/09/ronaldo-1.jpg]]></wp:meta_value>
  </wp:postmeta>
  <wp:postmeta>
    <wp:meta_key>_wp_attachment_metadata</wp:meta_key>
    <wp:meta_value><![CDATA[a:6:{s:5:"width";i:1600;s:6:"height";i:1067;s:4:"file";s:86:"/home/wpcom/public_html/wp-content/blogs.dir/680/224130630/files/2023/09/ronaldo-1.jpg";s:8:"filesize";i:122539;s:5:"sizes";a:0:{}s:10:"image_meta";a:12:{s:8:"aperture";s:1:"0";s:6:"credit";s:0:"";s:6:"camera";s:0:"";s:7:"caption";s:0:"";s:17:"created_timestamp";s:1:"0";s:9:"copyright";s:0:"";s:12:"focal_length";s:1:"0";s:3:"iso";s:1:"0";s:13:"shutter_speed";s:1:"0";s:5:"title";s:0:"";s:11:"orientation";s:1:"0";s:8:"keywords";a:0:{}}}]]></wp:meta_value>
  </wp:postmeta>
</item>
  </channel>
</rss>
